time,minute_of_day,movement
2026-01-01 00:00:00,0,0.5914151239263294
2026-01-01 00:10:00,10,0.18800476812785133
2026-01-01 00:20:00,20,0.7251353587419371
2026-01-01 00:30:00,30,0.7821694149173641
2026-01-01 00:40:00,40,0.0
2026-01-01 00:50:00,50,0.1093461479413046
2026-01-01 01:00:00,60,0.5383521209501856
2026-01-01 01:10:00,70,0.4051272222969253
2026-01-01 01:20:00,80,0.49495965274871334
2026-01-01 01:30:00,90,0.244086821727926
2026-01-01 01:40:00,100,0.7638193924588486
2026-01-01 01:50:00,110,0.7333375806286845
2026-01-01 02:00:00,120,0.5198092092683648
2026-01-01 02:10:00,130,0.8381723620904098
2026-01-01 02:20:00,140,0.6402528026756137
2026-01-01 02:30:00,150,0.24221226113502853
2026-01-01 02:40:00,160,0.6106252352247497
2026-01-01 02:50:00,170,0.21233521975130032
2026-01-01 03:00:00,180,0.7635350903921818
2026-01-01 03:10:00,190,0.48502222670412415
2026-01-01 03:20:00,200,0.4445412909364218
2026-01-01 03:30:00,210,0.2957211366788176
2026-01-01 03:40:00,220,0.8667624016022091
2026-01-01 03:50:00,230,0.45364115537935934
2026-01-01 04:00:00,240,0.37150165335106783
2026-01-01 04:10:00,250,0.39435993485353116
2026-01-01 04:20:00,260,0.6596927556660046
2026-01-01 04:30:00,270,0.6096332193092235
2026-01-01 04:40:00,280,0.6238197834787965
2026-01-01 04:50:00,290,0.6292463009023648
2026-01-01 05:00:00,300,1.1424942802611384
2026-01-01 05:10:00,310,0.37807549508461535
2026-01-01 05:20:00,320,0.3463271812785388
2026-01-01 05:30:00,330,0.25586818152563673
2026-01-01 05:40:00,340,0.6847938267726487
2026-01-01 05:50:00,350,0.8386916878162675
2026-01-01 06:00:00,360,0.4658157627035375
2026-01-01 06:10:00,370,0.2479530569112416
2026-01-01 06:20:00,380,0.25265563529262813
2026-01-01 06:30:00,390,0.6951778363474104
2026-01-01 06:40:00,400,0.7229762513610327
2026-01-01 06:50:00,410,0.6629462804915585
2026-01-01 07:00:00,420,0.7003470878133917
2026-01-01 07:10:00,430,0.9696483969200159
2026-01-01 07:20:00,440,0.9350057427422185
2026-01-01 07:30:00,450,0.965606579018704
2026-01-01 07:40:00,460,1.161428633384457
2026-01-01 07:50:00,470,0.9670786646324047
2026-01-01 08:00:00,480,2.2036740689215684
2026-01-01 08:10:00,490,2.0202737208466672
2026-01-01 08:20:00,500,2.086735819606995
2026-01-01 08:30:00,510,2.189386467751562
2026-01-01 08:40:00,520,1.5628532540433
2026-01-01 08:50:00,530,1.9040986350928095
2026-01-01 09:00:00,540,1.8588882037121612
2026-01-01 09:10:00,550,1.8083366455269974
2026-01-01 09:20:00,560,1.9174573246319948
2026-01-01 09:30:00,570,2.448482393370319
2026-01-01 09:40:00,580,1.740250665292027
2026-01-01 09:50:00,590,2.290483506377444
2026-01-01 10:00:00,600,1.4951390685152586
2026-01-01 10:10:00,610,1.8995344910042675
2026-01-01 10:20:00,620,2.0488259195315015
2026-01-01 10:30:00,630,2.1758666994077833
2026-01-01 10:40:00,640,2.2133679739378564
2026-01-01 10:50:00,650,2.2380041705599774
2026-01-01 11:00:00,660,1.8953824783254687
2026-01-01 11:10:00,670,1.8612944622006298
2026-01-01 11:20:00,680,2.2573927643771463
2026-01-01 11:30:00,690,1.9426087025355154
2026-01-01 11:40:00,700,1.6172941029986234
2026-01-01 11:50:00,710,1.6600138357989558
2026-01-01 12:00:00,720,0.6241643141995166
2026-01-01 12:10:00,730,1.0491482232161293
2026-01-01 12:20:00,740,0.9427277208211696
2026-01-01 12:30:00,750,1.1071456062203304
2026-01-01 12:40:00,760,0.7718242060990398
2026-01-01 12:50:00,770,0.9475619073230143
2026-01-01 13:00:00,780,2.187677118190201
2026-01-01 13:10:00,790,1.9071960380839286
2026-01-01 13:20:00,800,2.1370325712672233
2026-01-01 13:30:00,810,1.8014222176800045
2026-01-01 13:40:00,820,1.8910838460304784
2026-01-01 13:50:00,830,1.8854786318005012
2026-01-01 14:00:00,840,1.641248106323288
2026-01-01 14:10:00,850,2.1460917442356746
2026-01-01 14:20:00,860,1.8591792979391828
2026-01-01 14:30:00,870,2.003748235618306
2026-01-01 14:40:00,880,2.1442239976717725
2026-01-01 14:50:00,890,2.1339593528089833
2026-01-01 15:00:00,900,2.199615532691836
2026-01-01 15:10:00,910,1.970454354647173
2026-01-01 15:20:00,920,1.873010506386754
2026-01-01 15:30:00,930,1.9760845367280804
2026-01-01 15:40:00,940,1.493799669812591
2026-01-01 15:50:00,950,1.5658662582730738
2026-01-01 16:00:00,960,1.6031901162936792
2026-01-01 16:10:00,970,1.7008259517195554
2026-01-01 16:20:00,980,2.119932268017031
2026-01-01 16:30:00,990,1.7283562833919817
2026-01-01 16:40:00,1000,1.8865512337881831
2026-01-01 16:50:00,1010,2.3897684893358195
2026-01-01 17:00:00,1020,0.7931208086815722
2026-01-01 17:10:00,1030,1.121254670540126
2026-01-01 17:20:00,1040,0.619914695997037
2026-01-01 17:30:00,1050,0.838368732639711
2026-01-01 17:40:00,1060,0.6149933835268256
2026-01-01 17:50:00,1070,0.7982900772298313
2026-01-01 18:00:00,1080,2.2520924412372185
2026-01-01 18:10:00,1090,1.4818038730422955
2026-01-01 18:20:00,1100,2.130327093063757
2026-01-01 18:30:00,1110,2.0713206806996833
2026-01-01 18:40:00,1120,1.8217550132909617
2026-01-01 18:50:00,1130,1.5661826436834636
2026-01-01 19:00:00,1140,2.021638852314161
2026-01-01 19:10:00,1150,1.8411521872808594
2026-01-01 19:20:00,1160,2.0698028634064114
2026-01-01 19:30:00,1170,2.0065556436570327
2026-01-01 19:40:00,1180,2.4805336673962746
2026-01-01 19:50:00,1190,1.9281933117580927
2026-01-01 20:00:00,1200,1.6929507522134406
2026-01-01 20:10:00,1210,2.0537826904868948
2026-01-01 20:20:00,1220,2.0659990051915296
2026-01-01 20:30:00,1230,2.407756272572131
2026-01-01 20:40:00,1240,2.2505333737743736
2026-01-01 20:50:00,1250,2.107061317744853
2026-01-01 21:00:00,1260,1.3389908673658686
2026-01-01 21:10:00,1270,0.5433710837031447
2026-01-01 21:20:00,1280,0.7080745401750757
2026-01-01 21:30:00,1290,0.6220272175783426
2026-01-01 21:40:00,1300,0.7830570590532696
2026-01-01 21:50:00,1310,0.4869941557331074
2026-01-01 22:00:00,1320,1.0905452840443213
2026-01-01 22:10:00,1330,0.8333331908703681
2026-01-01 22:20:00,1340,0.45875811164920266
2026-01-01 22:30:00,1350,0.5953262756377375
2026-01-01 22:40:00,1360,0.9940541542350586
2026-01-01 22:50:00,1370,1.1514379703683144
2026-01-01 23:00:00,1380,1.0990192675075359
2026-01-01 23:10:00,1390,1.3741587398021988
2026-01-01 23:20:00,1400,0.6243228299827989
2026-01-01 23:30:00,1410,0.20313856399044078
2026-01-01 23:40:00,1420,0.0
2026-01-01 23:50:00,1430,0.5803134387031508
